Pid,Name,Family,Type,Status,Laddr.IP,Laddr.Port,Raddr.IP,Raddr.Port,Timestamp
3128,httpd.exe,IPv4,TCP,LISTEN,0.0.0.0,80,0.0.0.0,0,2026-01-14T14:04:22Z
1632,svchost.exe,IPv4,TCP,LISTEN,0.0.0.0,135,0.0.0.0,0,2026-01-14T14:04:18Z
4,System,IPv4,TCP,LISTEN,192.168.56.1,139,0.0.0.0,0,2026-01-20T14:54:23Z
4,System,IPv4,TCP,LISTEN,192.168.79.1,139,0.0.0.0,0,2026-01-20T14:54:23Z
4,System,IPv4,TCP,LISTEN,192.168.79.137,139,0.0.0.0,0,2026-01-20T16:02:31Z
3128,httpd.exe,IPv4,TCP,LISTEN,0.0.0.0,443,0.0.0.0,0,2026-01-14T14:04:22Z
6940,vmware-authd.exe,IPv4,TCP,LISTEN,0.0.0.0,902,0.0.0.0,0,2026-01-14T14:04:21Z
6940,vmware-authd.exe,IPv4,TCP,LISTEN,0.0.0.0,912,0.0.0.0,0,2026-01-14T14:04:21Z
4404,AnyDesk.exe,IPv4,TCP,ESTAB,192.168.79.137,1303,148.113.17.96,443,2026-01-20T16:02:34Z
11720,svchost.exe,IPv4,TCP,LISTEN,0.0.0.0,5040,0.0.0.0,0,2026-01-20T16:01:06Z
8552,postgres.exe,IPv4,TCP,LISTEN,0.0.0.0,5432,0.0.0.0,0,2026-01-14T14:04:22Z
4404,AnyDesk.exe,IPv4,TCP,LISTEN,0.0.0.0,7070,0.0.0.0,0,2026-01-14T14:04:24Z
22968,velociraptor.exe,IPv4,TCP,ESTAB,127.0.0.1,8000,127.0.0.1,8016,2026-01-20T16:06:50Z
22968,velociraptor.exe,IPv4,TCP,ESTAB,127.0.0.1,8000,127.0.0.1,8018,2026-01-20T16:06:50Z
22968,velociraptor.exe,IPv4,TCP,ESTAB,127.0.0.1,8000,127.0.0.1,8021,2026-01-20T16:06:50Z
22968,velociraptor.exe,IPv4,TCP,ESTAB,127.0.0.1,8000,127.0.0.1,8022,2026-01-20T16:06:50Z
22968,velociraptor.exe,IPv4,TCP,ESTAB,127.0.0.1,8000,127.0.0.1,9715,2026-01-20T16:06:55Z
22968,velociraptor.exe,IPv4,TCP,ESTAB,127.0.0.1,8000,127.0.0.1,9716,2026-01-20T16:06:55Z
22968,velociraptor.exe,IPv4,TCP,LISTEN,127.0.0.1,8000,0.0.0.0,0,2026-01-20T16:06:50Z
22968,velociraptor.exe,IPv4,TCP,ESTAB,127.0.0.1,8001,127.0.0.1,8014,2026-01-20T16:06:50Z
22968,velociraptor.exe,IPv4,TCP,LISTEN,127.0.0.1,8001,0.0.0.0,0,2026-01-20T16:06:50Z
22968,velociraptor.exe,IPv4,TCP,LISTEN,127.0.0.1,8003,0.0.0.0,0,2026-01-20T16:06:50Z
22968,velociraptor.exe,IPv4,TCP,ESTAB,127.0.0.1,8014,127.0.0.1,8001,2026-01-20T16:06:50Z
22968,velociraptor.exe,IPv4,TCP,ESTAB,127.0.0.1,8016,127.0.0.1,8000,2026-01-20T16:06:50Z
22968,velociraptor.exe,IPv4,TCP,ESTAB,127.0.0.1,8018,127.0.0.1,8000,2026-01-20T16:06:50Z
22968,velociraptor.exe,IPv4,TCP,ESTAB,127.0.0.1,8021,127.0.0.1,8000,2026-01-20T16:06:50Z
22968,velociraptor.exe,IPv4,TCP,ESTAB,127.0.0.1,8022,127.0.0.1,8000,2026-01-20T16:06:50Z
8272,nessusd.exe,IPv4,TCP,LISTEN,0.0.0.0,8834,0.0.0.0,0,2026-01-14T14:04:27Z
22968,velociraptor.exe,IPv4,TCP,ESTAB,127.0.0.1,8889,127.0.0.1,41775,2026-01-20T16:07:59Z
22968,velociraptor.exe,IPv4,TCP,LISTEN,127.0.0.1,8889,0.0.0.0,0,2026-01-20T16:06:50Z
22968,velociraptor.exe,IPv4,TCP,ESTAB,127.0.0.1,9715,127.0.0.1,8000,2026-01-20T16:06:55Z
22968,velociraptor.exe,IPv4,TCP,ESTAB,127.0.0.1,9716,127.0.0.1,8000,2026-01-20T16:06:55Z
0,,IPv4,TCP,TIME_WAIT,192.168.79.137,10290,20.44.229.112,443,1601-01-01T00:00:00Z
24472,svchost.exe,IPv4,TCP,ESTAB,192.168.79.137,10306,20.190.146.34,443,2026-01-20T16:06:52Z
11340,Postman Agent.exe,IPv4,TCP,LISTEN,127.0.0.1,10533,0.0.0.0,0,2026-01-20T14:56:50Z
24472,svchost.exe,IPv4,TCP,ESTAB,192.168.79.137,11702,20.190.146.34,443,2026-01-20T16:06:52Z
24472,svchost.exe,IPv4,TCP,ESTAB,192.168.79.137,11703,20.190.146.34,443,2026-01-20T16:06:52Z
22824,chrome.exe,IPv4,TCP,ESTAB,192.168.79.137,11730,192.168.79.13,53,2026-01-20T16:07:56Z
22824,chrome.exe,IPv4,TCP,ESTAB,192.168.79.137,11839,192.168.79.13,53,2026-01-20T16:08:00Z
4916,msedge.exe,IPv4,TCP,ESTAB,192.168.79.137,12840,172.188.155.25,443,2026-01-20T16:06:54Z
24472,svchost.exe,IPv4,TCP,ESTAB,192.168.79.137,12841,20.190.146.34,443,2026-01-20T16:06:54Z
0,,IPv4,TCP,TIME_WAIT,127.0.0.1,19437,127.0.0.1,8889,1601-01-01T00:00:00Z
0,,IPv4,TCP,TIME_WAIT,127.0.0.1,22943,127.0.0.1,49350,1601-01-01T00:00:00Z
0,,IPv4,TCP,TIME_WAIT,127.0.0.1,22944,127.0.0.1,49350,1601-01-01T00:00:00Z
0,,IPv4,TCP,TIME_WAIT,127.0.0.1,22945,127.0.0.1,49350,1601-01-01T00:00:00Z
3900,ipfsvc.exe,IPv4,TCP,ESTAB,127.0.0.1,24916,127.0.0.1,24917,2026-01-14T14:42:04Z
3900,ipfsvc.exe,IPv4,TCP,ESTAB,127.0.0.1,24917,127.0.0.1,24916,2026-01-14T14:42:04Z
4,System,IPv4,TCP,LISTEN,127.0.0.1,28385,0.0.0.0,0,2026-01-14T14:04:23Z
4,System,IPv4,TCP,LISTEN,127.0.0.1,28390,0.0.0.0,0,2026-01-14T14:04:23Z
0,,IPv4,TCP,TIME_WAIT,127.0.0.1,29616,127.0.0.1,8889,1601-01-01T00:00:00Z
22824,chrome.exe,IPv4,TCP,FIN_WAIT2,192.168.79.137,32557,192.168.79.13,53,2026-01-20T16:07:56Z
10796,svchost.exe,IPv4,TCP,ESTAB,192.168.79.137,32559,93.123.11.62,80,2026-01-20T16:07:56Z
22824,chrome.exe,IPv4,TCP,ESTAB,192.168.79.137,34697,192.168.79.13,53,2026-01-20T16:07:58Z
14748,OneDrive.exe,IPv4,TCP,ESTAB,192.168.79.137,35285,13.107.137.11,443,2026-01-20T16:07:52Z
0,,IPv4,TCP,TIME_WAIT,127.0.0.1,35288,127.0.0.1,49350,1601-01-01T00:00:00Z
0,,IPv4,TCP,TIME_WAIT,127.0.0.1,35289,127.0.0.1,49350,1601-01-01T00:00:00Z
0,,IPv4,TCP,TIME_WAIT,127.0.0.1,35290,127.0.0.1,49350,1601-01-01T00:00:00Z
0,,IPv4,TCP,TIME_WAIT,127.0.0.1,35291,127.0.0.1,49350,1601-01-01T00:00:00Z
0,,IPv4,TCP,TIME_WAIT,127.0.0.1,35292,127.0.0.1,49350,1601-01-01T00:00:00Z
0,,IPv4,TCP,TIME_WAIT,127.0.0.1,35293,127.0.0.1,49350,1601-01-01T00:00:00Z
0,,IPv4,TCP,TIME_WAIT,127.0.0.1,35294,127.0.0.1,49350,1601-01-01T00:00:00Z
0,,IPv4,TCP,TIME_WAIT,127.0.0.1,35295,127.0.0.1,49350,1601-01-01T00:00:00Z
0,,IPv4,TCP,TIME_WAIT,127.0.0.1,35296,127.0.0.1,49350,1601-01-01T00:00:00Z
0,,IPv4,TCP,TIME_WAIT,127.0.0.1,35464,127.0.0.1,49350,1601-01-01T00:00:00Z
0,,IPv4,TCP,TIME_WAIT,127.0.0.1,35465,127.0.0.1,49350,1601-01-01T00:00:00Z
0,,IPv4,TCP,TIME_WAIT,127.0.0.1,38812,127.0.0.1,49350,1601-01-01T00:00:00Z
0,,IPv4,TCP,TIME_WAIT,127.0.0.1,41184,127.0.0.1,49350,1601-01-01T00:00:00Z
0,,IPv4,TCP,TIME_WAIT,127.0.0.1,41185,127.0.0.1,49350,1601-01-01T00:00:00Z
4916,msedge.exe,IPv4,TCP,ESTAB,127.0.0.1,41775,127.0.0.1,8889,2026-01-20T16:07:59Z
0,,IPv4,TCP,TIME_WAIT,127.0.0.1,41776,127.0.0.1,49350,1601-01-01T00:00:00Z
0,,IPv4,TCP,TIME_WAIT,127.0.0.1,41777,127.0.0.1,49350,1601-01-01T00:00:00Z
0,,IPv4,TCP,TIME_WAIT,127.0.0.1,41778,127.0.0.1,49350,1601-01-01T00:00:00Z
0,,IPv4,TCP,TIME_WAIT,127.0.0.1,41779,127.0.0.1,49350,1601-01-01T00:00:00Z
0,,IPv4,TCP,TIME_WAIT,127.0.0.1,41780,127.0.0.1,49350,1601-01-01T00:00:00Z
0,,IPv4,TCP,TIME_WAIT,127.0.0.1,41781,127.0.0.1,49350,1601-01-01T00:00:00Z
0,,IPv4,TCP,TIME_WAIT,127.0.0.1,41783,127.0.0.1,49350,1601-01-01T00:00:00Z
22824,chrome.exe,IPv4,TCP,ESTAB,192.168.79.137,43435,192.168.79.13,53,2026-01-20T16:07:56Z
0,,IPv4,TCP,TIME_WAIT,127.0.0.1,44815,127.0.0.1,8889,1601-01-01T00:00:00Z
22824,chrome.exe,IPv4,TCP,ESTAB,192.168.79.137,44877,3.7.13.58,443,2026-01-20T16:02:45Z
18664,figma_agent.exe,IPv4,TCP,LISTEN,127.0.0.1,44950,0.0.0.0,0,2026-01-20T14:56:15Z
18664,figma_agent.exe,IPv4,TCP,LISTEN,127.0.0.1,44960,0.0.0.0,0,2026-01-20T14:56:15Z
22824,chrome.exe,IPv4,TCP,ESTAB,192.168.79.137,45568,142.251.12.188,5228,2026-01-20T16:02:42Z
0,,IPv4,TCP,TIME_WAIT,127.0.0.1,46778,127.0.0.1,8889,1601-01-01T00:00:00Z
1920,esrv_svc.exe,IPv4,TCP,LISTEN,127.0.0.1,49350,0.0.0.0,0,2026-01-20T06:50:12Z
16064,esrv.exe,IPv4,TCP,LISTEN,127.0.0.1,49351,0.0.0.0,0,2026-01-20T14:54:28Z
1316,lsass.exe,IPv4,TCP,LISTEN,0.0.0.0,49664,0.0.0.0,0,2026-01-14T14:04:18Z
1144,wininit.exe,IPv4,TCP,LISTEN,0.0.0.0,49665,0.0.0.0,0,2026-01-14T14:04:18Z
2160,svchost.exe,IPv4,TCP,LISTEN,0.0.0.0,49668,0.0.0.0,0,2026-01-14T14:04:19Z
3344,svchost.exe,IPv4,TCP,LISTEN,0.0.0.0,49669,0.0.0.0,0,2026-01-14T14:04:19Z
5712,spoolsv.exe,IPv4,TCP,LISTEN,0.0.0.0,49672,0.0.0.0,0,2026-01-14T14:04:20Z
8272,nessusd.exe,IPv4,TCP,ESTAB,127.0.0.1,49704,127.0.0.1,49705,2026-01-14T14:04:23Z
8272,nessusd.exe,IPv4,TCP,ESTAB,127.0.0.1,49705,127.0.0.1,49704,2026-01-14T14:04:23Z
1860,WUDFHost.exe,IPv4,TCP,ESTAB,127.0.0.1,49708,127.0.0.1,49709,2026-01-14T14:04:23Z
1860,WUDFHost.exe,IPv4,TCP,ESTAB,127.0.0.1,49709,127.0.0.1,49708,2026-01-14T14:04:23Z
1928,WUDFHost.exe,IPv4,TCP,ESTAB,127.0.0.1,49711,127.0.0.1,49712,2026-01-14T14:04:24Z
1928,WUDFHost.exe,IPv4,TCP,ESTAB,127.0.0.1,49712,127.0.0.1,49711,2026-01-14T14:04:24Z
1288,services.exe,IPv4,TCP,LISTEN,0.0.0.0,49713,0.0.0.0,0,2026-01-14T14:04:27Z
8272,nessusd.exe,IPv4,TCP,ESTAB,127.0.0.1,49716,127.0.0.1,49717,2026-01-14T14:04:29Z
8272,nessusd.exe,IPv4,TCP,ESTAB,127.0.0.1,49717,127.0.0.1,49716,2026-01-14T14:04:29Z
5296,AdskLicensingService.exe,IPv4,TCP,LISTEN,127.0.0.1,50350,0.0.0.0,0,2026-01-14T14:04:22Z
0,,IPv4,TCP,TIME_WAIT,127.0.0.1,53197,127.0.0.1,49350,1601-01-01T00:00:00Z
0,,IPv4,TCP,TIME_WAIT,127.0.0.1,53198,127.0.0.1,49350,1601-01-01T00:00:00Z
0,,IPv4,TCP,TIME_WAIT,127.0.0.1,53199,127.0.0.1,49350,1601-01-01T00:00:00Z
0,,IPv4,TCP,TIME_WAIT,127.0.0.1,53200,127.0.0.1,49350,1601-01-01T00:00:00Z
0,,IPv4,TCP,TIME_WAIT,127.0.0.1,53201,127.0.0.1,49350,1601-01-01T00:00:00Z
4260,wazuh-agent.exe,IPv4,TCP,SENT,192.168.79.137,57081,192.168.56.101,1515,2026-01-20T16:07:49Z
22824,chrome.exe,IPv4,TCP,FIN_WAIT2,192.168.79.137,62542,192.168.79.13,53,2026-01-20T16:07:58Z
0,,IPv4,TCP,TIME_WAIT,192.168.79.137,64678,18.161.216.23,443,1601-01-01T00:00:00Z
4,System,IPv4,TCP,LISTEN,0.0.0.0,445,0.0.0.0,0,2026-01-14T14:04:21Z
6340,mysqld.exe,IPv4,TCP,LISTEN,0.0.0.0,3306,0.0.0.0,0,2026-01-14T14:04:21Z
8360,lmgrd.exe,IPv4,TCP,LISTEN,0.0.0.0,27080,0.0.0.0,0,2026-01-14T14:04:21Z
3128,httpd.exe,IPv6,TCP,LISTEN,::,80,::,0,2026-01-14T14:04:22Z
1632,svchost.exe,IPv6,TCP,LISTEN,::,135,::,0,2026-01-14T14:04:18Z
3128,httpd.exe,IPv6,TCP,LISTEN,::,443,::,0,2026-01-14T14:04:22Z
4,System,IPv6,TCP,LISTEN,::,445,::,0,2026-01-14T14:04:21Z
6340,mysqld.exe,IPv6,TCP,LISTEN,::,3306,::,0,2026-01-14T14:04:21Z
8552,postgres.exe,IPv6,TCP,LISTEN,::,5432,::,0,2026-01-14T14:04:22Z
4404,AnyDesk.exe,IPv6,TCP,LISTEN,::,7070,::,0,2026-01-14T14:04:24Z
0,,IPv6,TCP,TIME_WAIT,2401:4900:16fd:f33f:adf1:bd92:77e1:d3bb,7473,2620:1ec:bdf::58,443,1601-01-01T00:00:00Z
14748,OneDrive.exe,IPv6,TCP,ESTAB,2401:4900:16fd:f33f:adf1:bd92:77e1:d3bb,8024,2603:1040:a06:6::,443,2026-01-20T16:06:51Z
8272,nessusd.exe,IPv6,TCP,LISTEN,::,8834,::,0,2026-01-14T14:04:27Z
22824,chrome.exe,IPv6,TCP,ESTAB,2401:4900:16fd:f33f:adf1:bd92:77e1:d3bb,9743,2401:4900:16fd:f33f::b3,53,2026-01-20T16:08:00Z
22824,chrome.exe,IPv6,TCP,SENT,2401:4900:16fd:f33f:adf1:bd92:77e1:d3bb,12715,2401:4900:16fd:f33f::b3,53,2026-01-20T16:08:02Z
0,,IPv6,TCP,TIME_WAIT,2401:4900:16fd:f33f:adf1:bd92:77e1:d3bb,13421,2620:1ec:33::11,443,1601-01-01T00:00:00Z
22824,chrome.exe,IPv6,TCP,ESTAB,2401:4900:16fd:f33f:adf1:bd92:77e1:d3bb,17357,2401:4900:16fd:f33f::b3,53,2026-01-20T16:07:57Z
0,,IPv6,TCP,TIME_WAIT,2401:4900:16fd:f33f:adf1:bd92:77e1:d3bb,22942,2603:1040:a06:8::1f1,443,1601-01-01T00:00:00Z
0,,IPv6,TCP,TIME_WAIT,2401:4900:16fd:f33f:adf1:bd92:77e1:d3bb,25521,2620:1ec:33:1::11,443,1601-01-01T00:00:00Z
0,,IPv6,TCP,TIME_WAIT,2401:4900:16fd:f33f:adf1:bd92:77e1:d3bb,26088,2620:1ec:bdf::58,443,1601-01-01T00:00:00Z
8360,lmgrd.exe,IPv6,TCP,LISTEN,::,27080,::,0,2026-01-14T14:04:21Z
18212,msedgewebview2.exe,IPv6,TCP,ESTAB,2401:4900:16fd:f33f:adf1:bd92:77e1:d3bb,33346,2a03:2880:f368:120:face:b00c:0:167,443,2026-01-20T16:06:15Z
0,,IPv6,TCP,TIME_WAIT,2401:4900:16fd:f33f:adf1:bd92:77e1:d3bb,35284,2620:1ec:33::11,443,1601-01-01T00:00:00Z
0,,IPv6,TCP,TIME_WAIT,2401:4900:16fd:f33f:adf1:bd92:77e1:d3bb,35463,2401:4900:16fd:f33f::b3,53,1601-01-01T00:00:00Z
0,,IPv6,TCP,TIME_WAIT,2401:4900:16fd:f33f:adf1:bd92:77e1:d3bb,38811,2620:1ec:33::12,443,1601-01-01T00:00:00Z
22824,chrome.exe,IPv6,TCP,FIN_WAIT2,2401:4900:16fd:f33f:adf1:bd92:77e1:d3bb,41782,2401:4900:16fd:f33f::b3,53,2026-01-20T16:07:57Z
22824,chrome.exe,IPv6,TCP,ESTAB,2401:4900:16fd:f33f:adf1:bd92:77e1:d3bb,44050,2401:4900:16fd:f33f::b3,53,2026-01-20T16:07:57Z
1316,lsass.exe,IPv6,TCP,LISTEN,::,49664,::,0,2026-01-14T14:04:18Z
1144,wininit.exe,IPv6,TCP,LISTEN,::,49665,::,0,2026-01-14T14:04:18Z
2160,svchost.exe,IPv6,TCP,LISTEN,::,49668,::,0,2026-01-14T14:04:19Z
3344,svchost.exe,IPv6,TCP,LISTEN,::,49669,::,0,2026-01-14T14:04:19Z
5712,spoolsv.exe,IPv6,TCP,LISTEN,::,49672,::,0,2026-01-14T14:04:20Z
6292,jhi_service.exe,IPv6,TCP,LISTEN,::1,49674,::,0,2026-01-14T14:04:21Z
1288,services.exe,IPv6,TCP,LISTEN,::,49713,::,0,2026-01-14T14:04:27Z
1644,msedge.exe,IPv6,TCP,ESTAB,2401:4900:16fd:f33f:adf1:bd92:77e1:d3bb,52714,2603:1046:c06:895::2,443,2026-01-20T16:06:57Z
22824,chrome.exe,IPv6,TCP,SENT,2401:4900:16fd:f33f:adf1:bd92:77e1:d3bb,53005,2401:4900:16fd:f33f::b3,53,2026-01-20T16:08:02Z
4148,WINWORD.EXE,IPv6,TCP,ESTAB,2401:4900:16fd:f33f:adf1:bd92:77e1:d3bb,58141,2603:1063:2202:14::3,443,2026-01-20T16:03:07Z
7112,svchost.exe,IPv6,TCP,ESTAB,2401:4900:16fd:f33f:adf1:bd92:77e1:d3bb,58729,2603:1040:a06:6::1,443,2026-01-20T16:02:46Z
1644,msedge.exe,IPv6,TCP,ESTAB,2401:4900:16fd:f33f:adf1:bd92:77e1:d3bb,60741,2603:1046:c06:895::2,443,2026-01-20T16:06:56Z
22824,chrome.exe,IPv6,TCP,ESTAB,2401:4900:16fd:f33f:adf1:bd92:77e1:d3bb,60858,2606:4700:9761:d8b7:9a59:50a:ccf5:ac50,443,2026-01-20T16:05:45Z
22824,chrome.exe,IPv6,TCP,ESTAB,2401:4900:16fd:f33f:adf1:bd92:77e1:d3bb,60897,2401:4900:16fd:f33f::b3,53,2026-01-20T16:07:58Z
22824,chrome.exe,IPv6,TCP,SENT,2401:4900:16fd:f33f:adf1:bd92:77e1:d3bb,63472,2401:4900:16fd:f33f::b3,53,2026-01-20T16:08:02Z
4,System,IPv4,UDP,,192.168.56.1,137,,0,2026-01-20T14:54:23Z
4,System,IPv4,UDP,,192.168.79.1,137,,0,2026-01-20T14:54:23Z
4,System,IPv4,UDP,,192.168.79.137,137,,0,2026-01-20T16:02:31Z
4,System,IPv4,UDP,,192.168.56.1,138,,0,2026-01-20T14:54:23Z
4,System,IPv4,UDP,,192.168.79.1,138,,0,2026-01-20T14:54:23Z
4,System,IPv4,UDP,,192.168.79.137,138,,0,2026-01-20T16:02:31Z
9564,svchost.exe,IPv4,UDP,,127.0.0.1,1900,,0,2026-01-20T16:02:29Z
9564,svchost.exe,IPv4,UDP,,192.168.56.1,1900,,0,2026-01-20T16:02:29Z
9564,svchost.exe,IPv4,UDP,,192.168.79.1,1900,,0,2026-01-20T16:02:29Z
9564,svchost.exe,IPv4,UDP,,192.168.79.137,1900,,0,2026-01-20T16:02:29Z
20856,svchost.exe,IPv4,UDP,,192.168.56.1,2177,,0,2026-01-20T14:54:20Z
20856,svchost.exe,IPv4,UDP,,192.168.79.1,2177,,0,2026-01-20T14:54:20Z
20856,svchost.exe,IPv4,UDP,,192.168.79.137,2177,,0,2026-01-20T16:02:29Z
11720,svchost.exe,IPv4,UDP,,0.0.0.0,5050,,0,2026-01-14T14:04:27Z
1644,msedge.exe,IPv4,UDP,,0.0.0.0,5353,,0,2026-01-20T16:06:57Z
2100,svchost.exe,IPv4,UDP,,0.0.0.0,5353,,0,2026-01-20T16:02:31Z
22824,chrome.exe,IPv4,UDP,,0.0.0.0,5353,,0,2026-01-20T15:11:33Z
22824,chrome.exe,IPv4,UDP,,0.0.0.0,5353,,0,2026-01-20T15:11:33Z
1644,msedge.exe,IPv4,UDP,,0.0.0.0,5353,,0,2026-01-20T16:06:57Z
2916,chrome.exe,IPv4,UDP,,0.0.0.0,5353,,0,2026-01-20T16:02:36Z
2916,chrome.exe,IPv4,UDP,,0.0.0.0,5353,,0,2026-01-20T16:02:36Z
2916,chrome.exe,IPv4,UDP,,0.0.0.0,5353,,0,2026-01-20T16:02:36Z
1644,msedge.exe,IPv4,UDP,,0.0.0.0,5353,,0,2026-01-20T16:06:57Z
22824,chrome.exe,IPv4,UDP,,0.0.0.0,5353,,0,2026-01-20T15:11:33Z
2100,svchost.exe,IPv4,UDP,,0.0.0.0,5355,,0,2026-01-20T16:02:31Z
4404,AnyDesk.exe,IPv4,UDP,,0.0.0.0,50001,,0,2026-01-20T16:02:27Z
9564,svchost.exe,IPv4,UDP,,192.168.79.1,50514,,0,2026-01-20T16:02:29Z
9564,svchost.exe,IPv4,UDP,,192.168.56.1,50515,,0,2026-01-20T16:02:29Z
9564,svchost.exe,IPv4,UDP,,192.168.79.137,50516,,0,2026-01-20T16:02:29Z
9564,svchost.exe,IPv4,UDP,,127.0.0.1,50517,,0,2026-01-20T16:02:29Z
6324,svchost.exe,IPv4,UDP,,127.0.0.1,59588,,0,2026-01-14T14:04:21Z
1644,msedge.exe,IPv4,UDP,,0.0.0.0,5353,,0,2026-01-20T16:06:57Z
1644,msedge.exe,IPv4,UDP,,0.0.0.0,5353,,0,2026-01-20T16:06:57Z
2916,chrome.exe,IPv4,UDP,,0.0.0.0,5353,,0,2026-01-20T16:02:36Z
2916,chrome.exe,IPv4,UDP,,0.0.0.0,5353,,0,2026-01-20T16:02:36Z
22824,chrome.exe,IPv4,UDP,,0.0.0.0,5353,,0,2026-01-20T15:11:33Z
22824,chrome.exe,IPv4,UDP,,0.0.0.0,5353,,0,2026-01-20T15:11:33Z
2916,chrome.exe,IPv4,UDP,,0.0.0.0,5353,,0,2026-01-20T16:02:36Z
1644,msedge.exe,IPv4,UDP,,0.0.0.0,5353,,0,2026-01-20T16:06:57Z
22824,chrome.exe,IPv4,UDP,,0.0.0.0,5353,,0,2026-01-20T15:11:33Z
2100,svchost.exe,IPv4,UDP,,0.0.0.0,50401,,0,2026-01-20T16:02:42Z
2100,svchost.exe,IPv4,UDP,,0.0.0.0,51151,,0,2026-01-20T16:03:06Z
4916,msedge.exe,IPv4,UDP,,0.0.0.0,52432,,0,2026-01-20T16:07:51Z
22824,chrome.exe,IPv4,UDP,,0.0.0.0,52683,,0,2026-01-20T16:05:58Z
2100,svchost.exe,IPv4,UDP,,0.0.0.0,53674,,0,2026-01-20T16:06:52Z
22824,chrome.exe,IPv4,UDP,,0.0.0.0,53702,,0,2026-01-20T16:03:04Z
22824,chrome.exe,IPv4,UDP,,0.0.0.0,54664,,0,2026-01-20T16:05:40Z
2100,svchost.exe,IPv4,UDP,,0.0.0.0,55488,,0,2026-01-20T16:02:42Z
2100,svchost.exe,IPv4,UDP,,0.0.0.0,55644,,0,2026-01-20T16:02:42Z
4916,msedge.exe,IPv4,UDP,,0.0.0.0,55992,,0,2026-01-20T16:07:00Z
4916,msedge.exe,IPv4,UDP,,0.0.0.0,57500,,0,2026-01-20T16:07:51Z
22824,chrome.exe,IPv4,UDP,,0.0.0.0,59497,,0,2026-01-20T16:07:19Z
4916,msedge.exe,IPv4,UDP,,0.0.0.0,60823,,0,2026-01-20T16:07:51Z
2100,svchost.exe,IPv4,UDP,,0.0.0.0,62509,,0,2026-01-20T16:02:42Z
22824,chrome.exe,IPv4,UDP,,0.0.0.0,63375,,0,2026-01-20T16:06:36Z
2100,svchost.exe,IPv4,UDP,,0.0.0.0,63578,,0,2026-01-20T16:05:40Z
2100,svchost.exe,IPv4,UDP,,0.0.0.0,63822,,0,2026-01-20T16:02:43Z
4916,msedge.exe,IPv4,UDP,,0.0.0.0,64874,,0,2026-01-20T16:06:52Z
9564,svchost.exe,IPv6,UDP,,::1,1900,,0,2026-01-20T16:02:29Z
9564,svchost.exe,IPv6,UDP,,fe80::4637:968c:2d83:623a,1900,,0,2026-01-20T16:02:29Z
9564,svchost.exe,IPv6,UDP,,fe80::641a:f5a:a2a6:8a72,1900,,0,2026-01-20T16:02:29Z
9564,svchost.exe,IPv6,UDP,,fe80::a877:35ff:cd07:c392,1900,,0,2026-01-20T16:02:29Z
20856,svchost.exe,IPv6,UDP,,2401:4900:16fd:f33f:adf1:bd92:77e1:d3bb,2177,,0,2026-01-20T16:02:29Z
20856,svchost.exe,IPv6,UDP,,2401:4900:16fd:f33f:b2d1:978f:3338:dc88,2177,,0,2026-01-20T16:02:29Z
20856,svchost.exe,IPv6,UDP,,fe80::4637:968c:2d83:623a,2177,,0,2026-01-20T14:54:20Z
20856,svchost.exe,IPv6,UDP,,fe80::641a:f5a:a2a6:8a72,2177,,0,2026-01-20T16:02:29Z
20856,svchost.exe,IPv6,UDP,,fe80::a877:35ff:cd07:c392,2177,,0,2026-01-20T14:54:20Z
1644,msedge.exe,IPv6,UDP,,::,5353,,0,2026-01-20T16:06:57Z
1644,msedge.exe,IPv6,UDP,,::,5353,,0,2026-01-20T16:06:57Z
2916,chrome.exe,IPv6,UDP,,::,5353,,0,2026-01-20T16:02:36Z
2916,chrome.exe,IPv6,UDP,,::,5353,,0,2026-01-20T16:02:36Z
22824,chrome.exe,IPv6,UDP,,::,5353,,0,2026-01-20T15:11:33Z
22824,chrome.exe,IPv6,UDP,,::,5353,,0,2026-01-20T15:11:33Z
2916,chrome.exe,IPv6,UDP,,::,5353,,0,2026-01-20T16:02:36Z
1644,msedge.exe,IPv6,UDP,,::,5353,,0,2026-01-20T16:06:57Z
22824,chrome.exe,IPv6,UDP,,::,5353,,0,2026-01-20T15:11:33Z
2100,svchost.exe,IPv6,UDP,,::,5353,,0,2026-01-20T16:02:31Z
2100,svchost.exe,IPv6,UDP,,::,5355,,0,2026-01-20T16:02:31Z
2100,svchost.exe,IPv6,UDP,,::,50401,,0,2026-01-20T16:02:42Z
9564,svchost.exe,IPv6,UDP,,fe80::a877:35ff:cd07:c392,50510,,0,2026-01-20T16:02:29Z
9564,svchost.exe,IPv6,UDP,,fe80::4637:968c:2d83:623a,50511,,0,2026-01-20T16:02:29Z
9564,svchost.exe,IPv6,UDP,,fe80::641a:f5a:a2a6:8a72,50512,,0,2026-01-20T16:02:29Z
9564,svchost.exe,IPv6,UDP,,::1,50513,,0,2026-01-20T16:02:29Z
2100,svchost.exe,IPv6,UDP,,::,51151,,0,2026-01-20T16:03:06Z
4916,msedge.exe,IPv6,UDP,,::,52432,,0,2026-01-20T16:07:51Z
22824,chrome.exe,IPv6,UDP,,::,52683,,0,2026-01-20T16:05:58Z
2100,svchost.exe,IPv6,UDP,,::,53674,,0,2026-01-20T16:06:52Z
22824,chrome.exe,IPv6,UDP,,::,53702,,0,2026-01-20T16:03:04Z
22824,chrome.exe,IPv6,UDP,,::,54664,,0,2026-01-20T16:05:40Z
2100,svchost.exe,IPv6,UDP,,::,55488,,0,2026-01-20T16:02:42Z
2100,svchost.exe,IPv6,UDP,,::,55644,,0,2026-01-20T16:02:42Z
4916,msedge.exe,IPv6,UDP,,::,55992,,0,2026-01-20T16:07:00Z
4916,msedge.exe,IPv6,UDP,,::,57500,,0,2026-01-20T16:07:51Z
22824,chrome.exe,IPv6,UDP,,::,59497,,0,2026-01-20T16:07:19Z
8396,svchost.exe,IPv6,UDP,,::1,59589,,0,2026-01-14T14:04:23Z
8396,svchost.exe,IPv6,UDP,,::1,59590,,0,2026-01-14T14:04:23Z
4916,msedge.exe,IPv6,UDP,,::,60823,,0,2026-01-20T16:07:51Z
2100,svchost.exe,IPv6,UDP,,::,62509,,0,2026-01-20T16:02:42Z
22824,chrome.exe,IPv6,UDP,,::,63375,,0,2026-01-20T16:06:36Z
2100,svchost.exe,IPv6,UDP,,::,63578,,0,2026-01-20T16:05:40Z
2100,svchost.exe,IPv6,UDP,,::,63822,,0,2026-01-20T16:02:43Z
4916,msedge.exe,IPv6,UDP,,::,64874,,0,2026-01-20T16:06:52Z
